{"epoch": 10, "train_loss": 0.8351746797561646, "raw_loss": 0.608315110206604, "wd_0": 0.0001, "sqr_mom_0": 0.99, "lr_0": 1.453787665300823e-07, "mom_0": 0.9499864619879668, "eps_0": 1e-06, "beta_0": 0.0, "_runtime": 676, "_timestamp": 1644901057, "_step": 179, "valid_loss": 0.8616613745689392, "dice": 0.7578281810752898, "iou": 0.6100832183838353, "recall": 0.8506926390452907, "precision": 0.6832430780719836, "_wandb": {"runtime": 696}}