{"epoch": 10, "train_loss": 0.45512792468070984, "raw_loss": 0.3222366273403168, "wd_0": 0.0001, "sqr_mom_0": 0.99, "lr_0": 1.453787665300823e-07, "mom_0": 0.9499864619879668, "eps_0": 1e-06, "beta_0": 0.0, "_runtime": 679, "_timestamp": 1644900349, "_step": 179, "valid_loss": 0.5774723887443542, "dice": 0.7366367130653824, "iou": 0.5830759217744351, "recall": 0.8791003395526003, "precision": 0.6339080137021206, "_wandb": {"runtime": 689}}