{"epoch": 1.0, "train_loss": 1.8921504020690918, "raw_loss": 1.8562796115875244, "wd_0": 0.0001, "sqr_mom_0": 0.99, "lr_0": 0.0003363119524647569, "mom_0": 0.9191341716182544, "eps_0": 1e-06, "beta_0": 0.0, "_runtime": 84, "_timestamp": 1644896872, "_step": 15, "_wandb": {"runtime": 80}}