{"epoch": 10, "train_loss": 0.45096907019615173, "raw_loss": 0.3135538697242737, "wd_0": 0.0001, "sqr_mom_0": 0.99, "lr_0": 1.453787665300823e-07, "mom_0": 0.9499864619879668, "eps_0": 1e-06, "beta_0": 0.0, "_runtime": 674, "_timestamp": 1644901763, "_step": 179, "valid_loss": 0.6738671660423279, "dice": 0.7255820321636592, "iou": 0.569343849879585, "recall": 0.8017195733834224, "precision": 0.6626514812067827, "_wandb": {"runtime": 671}}