{"epoch": 1.0, "train_loss": 1.7535606622695923, "raw_loss": 1.7483367919921875, "wd_0": 0.0001, "sqr_mom_0": 0.99, "lr_0": 0.0003363119524647569, "mom_0": 0.9191341716182544, "eps_0": 1e-06, "beta_0": 0.0, "_runtime": 90, "_timestamp": 1644328877, "_step": 15, "_wandb": {"runtime": 87}}