{"epoch": 10, "train_loss": 0.4306325614452362, "raw_loss": 0.2995224595069885, "wd_0": 0.0001, "sqr_mom_0": 0.99, "lr_0": 1.8133792291266486e-07, "mom_0": 0.9499828660363691, "eps_0": 1e-06, "beta_0": 0.0, "_runtime": 614, "_timestamp": 1644898164, "_step": 159, "valid_loss": 0.49487200379371643, "dice": 0.7522756792948585, "iou": 0.602918182174822, "recall": 0.7533595703108685, "precision": 0.7511949026793223, "_wandb": {"runtime": 611}}