{"epoch": 10, "train_loss": 0.46745267510414124, "raw_loss": 0.3934723734855652, "wd_0": 0.0001, "sqr_mom_0": 0.99, "lr_0": 1.453787665300823e-07, "mom_0": 0.9499864619879668, "eps_0": 1e-06, "beta_0": 0.0, "_runtime": 678, "_timestamp": 1644899637, "_step": 179, "valid_loss": 0.5079030990600586, "dice": 0.7920827648409942, "iou": 0.6557425805226855, "recall": 0.8115577692668816, "precision": 0.77352054221846, "_wandb": {"runtime": 702}}