{"epoch": 1.0000000000000013, "train_loss": 1.5809290409088135, "raw_loss": 1.09871506690979, "wd_0": 0.0001, "sqr_mom_0": 0.99, "lr_0": 0.0003675210839765082, "mom_0": 0.9158832204191137, "eps_0": 1e-06, "beta_0": 0.0, "_runtime": 730, "_timestamp": 1644327002, "_step": 137, "_wandb": {"runtime": 727}}