{"epoch": 1.0, "train_loss": 2.328359842300415, "raw_loss": 2.2128467559814453, "wd_0": 0.0001, "sqr_mom_0": 0.99, "lr_0": 0.0003363119524647569, "mom_0": 0.9191341716182544, "eps_0": 1e-06, "beta_0": 0.0, "_runtime": 86, "_timestamp": 1649355298, "_step": 15, "_wandb": {"runtime": 84}}