{"epoch": 10, "train_loss": 0.47827914357185364, "raw_loss": 0.43157392740249634, "wd_0": 0.0001, "sqr_mom_0": 0.99, "lr_0": 1.8133792291266486e-07, "mom_0": 0.9499828660363691, "eps_0": 1e-06, "beta_0": 0.0, "_runtime": 611, "_timestamp": 1644898925, "_step": 159, "valid_loss": 0.5662520527839661, "dice": 0.7238830187699576, "iou": 0.5672544362447169, "recall": 0.7810379479132565, "precision": 0.6745226820519155, "_wandb": {"runtime": 637}}